쓰리에스,1786,3546,2953,NNP,*,T,쓰리에스
나우아이비,1786,3546,2953,NNP,*,T,나우아이비
네추럴에프엔피,1786,3546,2953,NNP,*,T,네추럴에프엔피
넥스트비티,1786,3546,2953,NNP,*,T,넥스트비티
동국에스엔씨,1786,3546,2953,NNP,*,T,동국에스엔씨
동원에프엔비,1786,3546,2953,NNP,*,T,동원에프엔비
마이더스에이아이,1786,3546,2953,NNP,*,T,마이더스에이아이
무림피엔피,1786,3546,2953,NNP,*,T,무림피엔피
무림에스피,1786,3546,2953,NNP,*,T,무림에스피
미래에스씨아이,1786,3546,2953,NNP,*,T,미래에스씨아이
백금티엔에이,1786,3546,2953,NNP,*,T,백금티엔에이
삼성에스디아이,1786,3546,2953,NNP,*,T,삼성에스디아이
삼익티에이치케이,1786,3546,2953,NNP,*,T,삼익티에이치케이
서부티엔디,1786,3546,2953,NNP,*,T,서부티엔디
세이브존아이엔씨,1786,3546,2953,NNP,*,T,세이브존아이엔씨
신세계아이엔씨,1786,3546,2953,NNP,*,T,신세계아이엔씨
아주아이비투자,1786,3546,2953,NNP,*,T,아주아이비투자
아즈텍더블유비,1786,3546,2953,NNP,*,T,아즈텍더블유비
아프리카티비,1786,3546,2953,NNP,*,T,아프리카티비
에이프로젠헬스케어앤게임즈,1786,3546,2953,NNP,*,T,에이프로젠헬스케어앤게임즈
에이프로젠케이아이씨,1786,3546,2953,NNP,*,T,에이프로젠케이아이씨
우수에이엠에스,1786,3546,2953,NNP,*,T,우수에이엠에스
원익아이피에스,1786,3546,2953,NNP,*,T,원익아이피에스
원익큐앤씨,1786,3546,2953,NNP,*,T,원익큐앤씨
텔콘알에프제약,1786,3546,2953,NNP,*,T,텔콘알에프제약
포스코아이씨티,1786,3546,2953,NNP,*,T,포스코아이씨티
한국경제티비,1786,3546,2953,NNP,*,T,한국경제티비
한국앵커유전,1786,3546,2953,NNP,*,T,한국앵커유전
형지아이엔씨,1786,3546,2953,NNP,*,T,형지아이엔씨
에이제이네트웍스,1786,3546,2953,NNP,*,T,에이제이네트웍스
에이케이홀딩스,1786,3546,2953,NNP,*,T,에이케이홀딩스
에이에프시스템,1786,3546,2953,NNP,*,T,에이에프시스템
에이에프위성,1786,3546,2953,NNP,*,T,에이에프위성
에이에프에스홀딩스,1786,3546,2953,NNP,*,T,에이에프에스홀딩스
비지에프,1786,3546,2953,NNP,*,T,비지에프
비지에프리테일,1786,3546,2953,NNP,*,T,비지에프리테일
비엔케이금융지주,1786,3546,2953,NNP,*,T,비엔케이금융지주
비와이씨,1786,3546,2953,NNP,*,T,비와이씨
씨제이,1786,3546,2953,NNP,*,T,씨제이
씨제이씨지브이,1786,3546,2953,NNP,*,T,씨제이씨지브이
씨제이이엔엠,1786,3546,2953,NNP,*,T,씨제이이엔엠
씨제이대한통운,1786,3546,2953,NNP,*,T,씨제이대한통운
씨제이씨푸드,1786,3546,2953,NNP,*,T,씨제이씨푸드
씨제이제일제당,1786,3546,2953,NNP,*,T,씨제이제일제당
씨제이프레시웨이,1786,3546,2953,NNP,*,T,씨제이프레시웨이
씨엠지제약,1786,3546,2953,NNP,*,T,씨엠지제약
씨엔에이치,1786,3546,2953,NNP,*,T,씨엔에이치
씨에스,1786,3546,2953,NNP,*,T,씨에스
씨에스홀딩스,1786,3546,2953,NNP,*,T,씨에스홀딩스
씨에스에이코스믹,1786,3546,2953,NNP,*,T,씨에스에이코스믹
디비,1786,3546,2953,NNP,*,T,디비
디비금융스팩8호,1786,3546,2953,NNP,*,T,디비금융스팩8호
디비금융투자,1786,3546,2953,NNP,*,T,디비금융투자
디비손해보험,1786,3546,2953,NNP,*,T,디비손해보험
디비하이텍,1786,3546,2953,NNP,*,T,디비하이텍
디지비금융지주,1786,3546,2953,NNP,*,T,디지비금융지주
디엠에스,1786,3546,2953,NNP,*,T,디엠에스
디알비동일,1786,3546,2953,NNP,*,T,디알비동일
디에스씨인베스트먼트,1786,3546,2953,NNP,*,T,디에스씨인베스트먼트
디에스알,1786,3546,2953,NNP,*,T,디에스알
디에스알제강,1786,3546,2953,NNP,*,T,디에스알제강
이1,1786,3546,2953,NNP,*,T,이1
이디지씨,1786,3546,2953,NNP,*,T,이디지씨
이지,1786,3546,2953,NNP,*,T,이지
이엠더블유,1786,3546,2953,NNP,*,T,이엠더블유
이에스알켄달스퀘어리츠,1786,3546,2953,NNP,*,T,이에스알켄달스퀘어리츠
에프앤에프,1786,3546,2953,NNP,*,T,에프앤에프
지에이치신소재,1786,3546,2953,NNP,*,T,지에이치신소재
지케이엘,1786,3546,2953,NNP,*,T,지케이엘
지알티,1786,3546,2953,NNP,*,T,지알티
지에스,1786,3546,2953,NNP,*,T,지에스
지에스건설,1786,3546,2953,NNP,*,T,지에스건설
지에스글로벌,1786,3546,2953,NNP,*,T,지에스글로벌
지에스리테일,1786,3546,2953,NNP,*,T,지에스리테일
지에스홈쇼핑,1786,3546,2953,NNP,*,T,지에스홈쇼핑
지에스티,1786,3546,2953,NNP,*,T,지에스티
지브이,1786,3546,2953,NNP,*,T,지브이
에이치비테크놀러지,1786,3546,2953,NNP,*,T,에이치비테크놀러지
에이치디씨,1786,3546,2953,NNP,*,T,에이치디씨
에이치디씨아이콘트롤스,1786,3546,2953,NNP,*,T,에이치디씨아이콘트롤스
에이치디씨현대산업개발,1786,3546,2953,NNP,*,T,에이치디씨현대산업개발
에이치디씨현대이에프,1786,3546,2953,NNP,*,T,에이치디씨현대이에프
에이치엠엠,1786,3546,2953,NNP,*,T,에이치엠엠
에이치알에스,1786,3546,2953,NNP,*,T,에이치알에스
에이치에스디엔진,1786,3546,2953,NNP,*,T,에이치에스디엔진
아이에스씨,1786,3546,2953,NNP,*,T,아이에스씨
아이티엑스-에이아이,1786,3546,2953,NNP,*,T,아이티엑스-에이아이
제이비금융지주,1786,3546,2953,NNP,*,T,제이비금융지주
제이티씨,1786,3546,2953,NNP,*,T,제이티씨
제이더블유생명과학,1786,3546,2953,NNP,*,T,제이더블유생명과학
제이더블유신약,1786,3546,2953,NNP,*,T,제이더블유신약
제이더블유중외제약,1786,3546,2953,NNP,*,T,제이더블유중외제약
제이더블유홀딩스,1786,3546,2953,NNP,*,T,제이더블유홀딩스
케이비금융,1786,3546,2953,NNP,*,T,케이비금융
케이비오토시스,1786,3546,2953,NNP,*,T,케이비오토시스
케이비아이메탈,1786,3546,2953,NNP,*,T,케이비아이메탈
케이씨그린홀딩스,1786,3546,2953,NNP,*,T,케이씨그린홀딩스
케이씨산업,1786,3546,2953,NNP,*,T,케이씨산업
케이씨코트렐,1786,3546,2953,NNP,*,T,케이씨코트렐
케이씨씨건설,1786,3546,2953,NNP,*,T,케이씨씨건설
케이씨아이,1786,3546,2953,NNP,*,T,케이씨아이
케이디,1786,3546,2953,NNP,*,T,케이디
케이이씨,1786,3546,2953,NNP,*,T,케이이씨
케이지동부제철,1786,3546,2953,NNP,*,T,케이지동부제철
케이지모빌리언스,1786,3546,2953,NNP,*,T,케이지모빌리언스
케이지이니시스,1786,3546,2953,NNP,*,T,케이지이니시스
케이지케미칼,1786,3546,2953,NNP,*,T,케이지케미칼
케이에이치바텍,1786,3546,2953,NNP,*,T,케이에이치바텍
케이엠에이치,1786,3546,2953,NNP,*,T,케이엠에이치
케이엠에이치하이텍,1786,3546,2953,NNP,*,T,케이엠에이치하이텍
케이엔엔,1786,3546,2953,NNP,*,T,케이엔엔
케이피엑스생명과학,1786,3546,2953,NNP,*,T,케이피엑스생명과학
케이피엑스케미칼,1786,3546,2953,NNP,*,T,케이피엑스케미칼
케이피엑스홀딩스,1786,3546,2953,NNP,*,T,케이피엑스홀딩스
케이알모터스,1786,3546,2953,NNP,*,T,케이알모터스
케이에스에스해운,1786,3546,2953,NNP,*,T,케이에스에스해운
케이티서브마린,1786,3546,2953,NNP,*,T,케이티서브마린
케이티비투자증권,1786,3546,2953,NNP,*,T,케이티비투자증권
케이티씨에스,1786,3546,2953,NNP,*,T,케이티씨에스
케이티에이치,1786,3546,2953,NNP,*,T,케이티에이치
케이티아이에스,1786,3546,2953,NNP,*,T,케이티아이에스
엘에프,1786,3546,2953,NNP,*,T,엘에프
엘지,1786,3546,2953,NNP,*,T,엘지
엘지디스플레이,1786,3546,2953,NNP,*,T,엘지디스플레이
엘지상사,1786,3546,2953,NNP,*,T,엘지상사
엘지생활건강,1786,3546,2953,NNP,*,T,엘지생활건강
엘지유플러스,1786,3546,2953,NNP,*,T,엘지유플러스
엘지이노텍,1786,3546,2953,NNP,*,T,엘지이노텍
엘지전자,1786,3546,2953,NNP,*,T,엘지전자
엘지하우시스,1786,3546,2953,NNP,*,T,엘지하우시스
엘지헬로비전,1786,3546,2953,NNP,*,T,엘지헬로비전
엘지화학,1786,3546,2953,NNP,*,T,엘지화학
엘아이지넥스원,1786,3546,2953,NNP,*,T,엘아이지넥스원
엘에스,1786,3546,2953,NNP,*,T,엘에스
엘에스네트웍스,1786,3546,2953,NNP,*,T,엘에스네트웍스
엘에스전선아시아,1786,3546,2953,NNP,*,T,엘에스전선아시아
엠에이치에탄올,1786,3546,2953,NNP,*,T,엠에이치에탄올
엠피그룹,1786,3546,2953,NNP,*,T,엠피그룹
엠피한강,1786,3546,2953,NNP,*,T,엠피한강
네이버,1786,3546,2953,NNP,*,T,네이버
엠이능률,1786,3546,2953,NNP,*,T,엠이능률
엔에이치투자증권,1786,3546,2953,NNP,*,T,엔에이치투자증권
엔에이치프라임리츠,1786,3546,2953,NNP,*,T,엔에이치프라임리츠
엔에이치엔벅스,1786,3546,2953,NNP,*,T,엔에이치엔벅스
엔에이치엔한국사이버결제,1786,3546,2953,NNP,*,T,엔에이치엔한국사이버결제
엔아이스틸,1786,3546,2953,NNP,*,T,엔아이스틸
나이스,1786,3546,2953,NNP,*,T,나이스
나이스평가정보,1786,3546,2953,NNP,*,T,나이스평가정보,*,*,*,*
오씨아이,1786,3546,2953,NNP,*,T,오씨아이,*,*,*,*
오큐피,1786,3546,2953,NNP,*,T,오큐피,*,*,*,*
피아이첨단소재,1786,3546,2953,NNP,*,T,피아이첨단소재,*,*,*,*
피엔풍년,1786,3546,2953,NNP,*,T,피엔풍년,*,*,*,*
알에프에이치아이씨,1786,3546,2953,NNP,*,T,알에프에이치아이씨,*,*,*,*
에스앤케이폴리텍,1786,3546,2953,NNP,*,T,에스앤케이폴리텍,*,*,*,*
에스앤티모티브,1786,3546,2953,NNP,*,T,에스앤티모티브,*,*,*,*
에스앤티중공업,1786,3546,2953,NNP,*,T,에스앤티중공업,*,*,*,*
에스앤티홀딩스,1786,3546,2953,NNP,*,T,에스앤티홀딩스,*,*,*,*
에스앤티씨,1786,3546,2953,NNP,*,T,에스앤티씨,*,*,*,*
에스비아이인베스트먼트,1786,3546,2953,NNP,*,T,에스비아이인베스트먼트,*,*,*,*
에스비아이핀테크솔루션즈,1786,3546,2953,NNP,*,T,에스비아이핀테크솔루션즈,*,*,*,*
에스비에스,1786,3546,2953,NNP,*,T,에스비에스,*,*,*,*
에스비에스미디어홀딩스,1786,3546,2953,NNP,*,T,에스비에스미디어홀딩스,*,*,*,*
에스비에스콘텐츠허브,1786,3546,2953,NNP,*,T,에스비에스콘텐츠허브,*,*,*,*
에스씨아이평가정보,1786,3546,2953,NNP,*,T,에스씨아이평가정보,*,*,*,*
에스디엔,1786,3546,2953,NNP,*,T,에스디엔,*,*,*,*
에스에프에이반도체,1786,3546,2953,NNP,*,T,에스에프에이반도체,*,*,*,*
에스지,1786,3546,2953,NNP,*,T,에스지,*,*,*,*
에스지앤지,1786,3546,2953,NNP,*,T,에스지앤지,*,*,*,*
에스지세계물산,1786,3546,2953,NNP,*,T,에스지세계물산,*,*,*,*
에스지충방,1786,3546,2953,NNP,*,T,에스지충방,*,*,*,*
에스지에이,1786,3546,2953,NNP,*,T,에스지에이,*,*,*,*
에스지에이솔루션즈,1786,3546,2953,NNP,*,T,에스지에이솔루션즈,*,*,*,*
에스지에이클라우드서비스,1786,3546,2953,NNP,*,T,에스지에이클라우드서비스,*,*,*,*
에스지씨에너지,1786,3546,2953,NNP,*,T,에스지씨에너지,*,*,*,*
에스지씨이테크건설,1786,3546,2953,NNP,*,T,에스지씨이테크건설,*,*,*,*
에스에이치에너지화학,1786,3546,2953,NNP,*,T,에스에이치에너지화학,*,*,*,*
에스케이,1786,3546,2953,NNP,*,T,에스케이,*,*,*,*
에스케이가스,1786,3546,2953,NNP,*,T,에스케이가스,*,*,*,*
에스케이네트웍스,1786,3546,2953,NNP,*,T,에스케이네트웍스,*,*,*,*
에스케이디스커버리,1786,3546,2953,NNP,*,T,에스케이디스커버리,*,*,*,*
에스케이디앤디,1786,3546,2953,NNP,*,T,에스케이디앤디,*,*,*,*
에스케이렌터카,1786,3546,2953,NNP,*,T,에스케이렌터카,*,*,*,*
에스케이머티리얼즈,1786,3546,2953,NNP,*,T,에스케이머티리얼즈,*,*,*,*
에스케이이노베이션,1786,3546,2953,NNP,*,T,에스케이이노베이션,*,*,*,*
에스케이증권,1786,3546,2953,NNP,*,T,에스케이증권,*,*,*,*
에스케이케미칼,1786,3546,2953,NNP,*,T,에스케이케미칼,*,*,*,*
에스케이텔레콤,1786,3546,2953,NNP,*,T,에스케이텔레콤,*,*,*,*
에스케이하이닉스,1786,3546,2953,NNP,*,T,에스케이하이닉스,*,*,*,*
에스케이씨,1786,3546,2953,NNP,*,T,에스케이씨,*,*,*,*
에스엠라이프디자인,1786,3546,2953,NNP,*,T,에스엠라이프디자인,*,*,*,*
에스엔케이,1786,3546,2953,NNP,*,T,에스엔케이,*,*,*,*
에스피씨삼립,1786,3546,2953,NNP,*,T,에스피씨삼립,*,*,*,*
에스티엑스,1786,3546,2953,NNP,*,T,에스티엑스,*,*,*,*
에스티엑스엔진,1786,3546,2953,NNP,*,T,에스티엑스엔진,*,*,*,*
에스티엑스중공업,1786,3546,2953,NNP,*,T,에스티엑스중공업,*,*,*,*
에스브이인베스트먼트,1786,3546,2953,NNP,*,T,에스브이인베스트먼트,*,*,*,*
티씨씨스틸,1786,3546,2953,NNP,*,T,티씨씨스틸,*,*,*,*
더이엔엠,1786,3546,2953,NNP,*,T,더이엔엠,*,*,*,*
더미동,1786,3546,2953,NNP,*,T,더미동,*,*,*,*
티제이미디어,1786,3546,2953,NNP,*,T,티제이미디어,*,*,*,*
티피씨,1786,3546,2953,NNP,*,T,티피씨,*,*,*,*
티에스인베스트먼트,1786,3546,2953,NNP,*,T,티에스인베스트먼트,*,*,*,*
티에스트릴리온,1786,3546,2953,NNP,*,T,티에스트릴리온,*,*,*,*
유씨아이,1786,3546,2953,NNP,*,T,유씨아이,*,*,*,*
더블유홀딩컴퍼니,1786,3546,2953,NNP,*,T,더블유홀딩컴퍼니,*,*,*,*
더블유아이,1786,3546,2953,NNP,*,T,더블유아이,*,*,*,*
위즈컴,1786,3546,2953,NNP,*,T,위즈컴,*,*,*,*
와이비엠넷,1786,3546,2953,NNP,*,T,와이비엠넷,*,*,*,*
와이지플러스,1786,3546,2953,NNP,*,T,와이지플러스,*,*,*,*
와이티엔,1786,3546,2953,NNP,*,T,와이티엔,*,*,*,*
와이더블유,1786,3546,2953,NNP,*,T,와이더블유,*,*,*,*